id_distrito,nombre_distrito,region,poblacion,salario_promedio,tasa_desempleo_1995,tasa_desempleo_1996,tasa_criminalidad_1995,tasa_criminalidad_1996,es_imputado,metodo_imputacion
1,Hl.m. Praha,Prague,1204953,12541.0,0.0,0.0,85677.0,99107.0,0,Original PKDD99
2,Benesov,central Bohemia,88884,8507.0,2.0,2.0,2159.0,2674.0,0,Original PKDD99
3,Beroun,central Bohemia,75232,8980.0,2.0,2.0,2824.0,2813.0,0,Original PKDD99
4,Kladno,central Bohemia,149893,9753.0,5.0,5.0,5244.0,5892.0,0,Original PKDD99
5,Kolin,central Bohemia,95616,9307.0,4.0,4.0,2616.0,3040.0,0,Original PKDD99
6,Kutna Hora,central Bohemia,77963,8546.0,3.0,4.0,2640.0,3120.0,0,Original PKDD99
7,Melnik,central Bohemia,94725,9920.0,2.0,3.0,4289.0,4846.0,0,Original PKDD99
8,Mlada Boleslav,central Bohemia,112065,11277.0,1.0,1.0,5179.0,4987.0,0,Original PKDD99
9,Nymburk,central Bohemia,81344,8899.0,3.0,4.0,2987.0,2487.0,0,Original PKDD99
10,Praha - vychod,central Bohemia,92084,10124.0,1.0,1.0,3810.0,4316.0,0,Original PKDD99
11,Praha - zapad,central Bohemia,75637,9622.0,0.0,1.0,3475.0,3529.0,0,Original PKDD99
12,Pribram,central Bohemia,107870,8754.0,4.0,4.0,3804.0,3868.0,0,Original PKDD99
13,Rakovnik,central Bohemia,53921,8598.0,3.0,3.0,1597.0,1875.0,0,Original PKDD99
14,Ceske Budejovice,south Bohemia,177686,10045.0,1.0,2.0,6604.0,6295.0,0,Original PKDD99
15,Cesky Krumlov,south Bohemia,58796,9045.0,3.0,4.0,1845.0,1879.0,0,Original PKDD99
16,Jindrichuv Hradec,south Bohemia,93931,8427.0,1.0,2.0,1874.0,1913.0,0,Original PKDD99
17,Pelhrimov,south Bohemia,74062,8114.0,2.0,3.0,1003.0,1181.0,0,Original PKDD99
18,Pisek,south Bohemia,70699,8968.0,3.0,3.0,1740.0,1910.0,0,Original PKDD99
19,Prachatice,south Bohemia,51428,8402.0,3.0,4.0,999.0,1099.0,0,Original PKDD99
20,Strakonice,south Bohemia,70646,8547.0,3.0,4.0,1563.0,1542.0,0,Original PKDD99
21,Tabor,south Bohemia,103347,9104.0,2.0,2.0,2299.0,2354.0,0,Original PKDD99
22,Domazlice,west Bohemia,58400,8620.0,1.0,1.0,1089.0,1117.0,0,Original PKDD99
23,Cheb,west Bohemia,87419,8624.0,2.0,3.0,2879.0,3198.0,0,Original PKDD99
24,Karlovy Vary,west Bohemia,122603,8991.0,1.0,2.0,5198.0,5273.0,0,Original PKDD99
25,Klatovy,west Bohemia,88757,8554.0,2.0,3.0,1822.0,2218.0,0,Original PKDD99
26,Plzen - mesto,west Bohemia,170449,10787.0,3.0,3.0,6041.0,6261.0,0,Original PKDD99
27,Plzen - jih,west Bohemia,67298,8561.0,1.0,1.0,1029.0,1127.0,0,Original PKDD99
28,Plzen - sever,west Bohemia,72541,8594.0,2.0,2.0,1580.0,1525.0,0,Original PKDD99
29,Rokycany,west Bohemia,45714,8843.0,3.0,4.0,818.0,888.0,0,Original PKDD99
30,Sokolov,west Bohemia,94812,9650.0,3.0,4.0,2985.0,2804.0,0,Original PKDD99
31,Tachov,west Bohemia,51313,8930.0,4.0,4.0,1328.0,1452.0,0,Original PKDD99
32,Ceska Lipa,north Bohemia,105058,9272.0,3.0,3.0,4340.0,4505.0,0,Original PKDD99
33,Decin,north Bohemia,133777,8705.0,6.0,8.0,4650.0,4859.0,0,Original PKDD99
34,Chomutov,north Bohemia,125236,9675.0,6.0,8.0,5323.0,5190.0,0,Original PKDD99
35,Jablonec n. Nisou,north Bohemia,88768,8867.0,1.0,1.0,3384.0,3620.0,0,Original PKDD99
36,Liberec,north Bohemia,159617,9198.0,3.0,4.0,5796.0,6132.0,0,Original PKDD99
37,Litomerice,north Bohemia,114006,9065.0,4.0,5.0,4147.0,4166.0,0,Original PKDD99
38,Louny,north Bohemia,85852,8965.0,7.0,8.0,2653.0,2822.0,0,Original PKDD99
39,Most,north Bohemia,119895,10446.0,7.0,9.0,4947.0,4743.0,0,Original PKDD99
40,Teplice,north Bohemia,128118,9317.0,6.0,7.0,6949.0,6872.0,0,Original PKDD99
41,Usti nad Labem,north Bohemia,118650,9832.0,3.0,4.0,6445.0,5471.0,0,Original PKDD99
42,Havlickuv Brod,east Bohemia,95907,8388.0,2.0,3.0,1658.0,1668.0,0,Original PKDD99
43,Hradec Kralove,east Bohemia,161854,9425.0,2.0,3.0,4085.0,3891.0,0,Original PKDD99
44,Chrudim,east Bohemia,105606,8254.0,3.0,4.0,2166.0,2325.0,0,Original PKDD99
45,Jicin,east Bohemia,77917,8390.0,2.0,3.0,2080.0,2122.0,0,Original PKDD99
46,Nachod,east Bohemia,112709,8369.0,2.0,2.0,2854.0,2618.0,0,Original PKDD99
47,Pardubice,east Bohemia,162580,9538.0,2.0,2.0,6079.0,5410.0,0,Original PKDD99
48,Rychnov nad Kneznou,east Bohemia,78955,9060.0,2.0,2.0,1655.0,1717.0,0,Original PKDD99
49,Semily,east Bohemia,75685,8208.0,2.0,2.0,1660.0,2123.0,0,Original PKDD99
50,Svitavy,east Bohemia,102609,8187.0,5.0,5.0,2123.0,2134.0,0,Original PKDD99
51,Trutnov,east Bohemia,121947,8541.0,3.0,3.0,3496.0,3839.0,0,Original PKDD99
52,Usti nad Orlici,east Bohemia,139012,8363.0,3.0,3.0,2564.0,2799.0,0,Original PKDD99
53,Blansko,south Moravia,107911,8240.0,3.0,4.0,1850.0,1903.0,0,Original PKDD99
54,Brno - mesto,south Moravia,387570,9897.0,2.0,2.0,18721.0,18696.0,0,Original PKDD99
55,Brno - venkov,south Moravia,157042,8743.0,2.0,2.0,3659.0,3894.0,0,Original PKDD99
56,Breclav,south Moravia,124605,8772.0,5.0,5.0,2854.0,3158.0,0,Original PKDD99
57,Hodonin,south Moravia,161954,8720.0,4.0,5.0,3729.0,3651.0,0,Original PKDD99
58,Jihlava,south Moravia,109164,8757.0,3.0,4.0,2212.0,2471.0,0,Original PKDD99
59,Kromeriz,south Moravia,108871,8444.0,3.0,3.0,2595.0,2305.0,0,Original PKDD99
60,Prostejov,south Moravia,110643,8441.0,3.0,4.0,1879.0,2252.0,0,Original PKDD99
61,Trebic,south Moravia,117897,8814.0,5.0,6.0,2112.0,2059.0,0,Original PKDD99
62,Uherske Hradiste,south Moravia,145688,8544.0,1.0,2.0,2719.0,2906.0,0,Original PKDD99
63,Vyskov,south Moravia,86513,8288.0,4.0,5.0,1562.0,1460.0,0,Original PKDD99
64,Zlin,south Moravia,197099,9624.0,2.0,2.0,4484.0,4265.0,0,Original PKDD99
65,Znojmo,south Moravia,114200,8403.0,6.0,6.0,2157.0,2718.0,0,Original PKDD99
66,Zdar nad Sazavou,south Moravia,125832,8512.0,4.0,4.0,2247.0,2103.0,0,Original PKDD99
67,Bruntal,north Moravia,106054,8110.0,6.0,7.0,3244.0,3079.0,0,Original PKDD99
68,Frydek - Mistek,north Moravia,228848,9893.0,4.0,5.0,5623.0,5887.0,0,Original PKDD99
69,Jesenik,north Moravia,42821,8173.0,5.83,7.0,1326.0,1358.0,1,Razon 1995/1996 sobre dato 1996
70,Karvina,north Moravia,285387,10177.0,7.0,8.0,9878.0,10108.0,0,Original PKDD99
71,Novy Jicin,north Moravia,161227,8678.0,6.0,6.0,4980.0,4595.0,0,Original PKDD99
72,Olomouc,north Moravia,226122,8994.0,4.0,5.0,9672.0,9208.0,0,Original PKDD99
73,Opava,north Moravia,182027,8746.0,3.0,4.0,4355.0,4433.0,0,Original PKDD99
74,Ostrava - mesto,north Moravia,323870,10673.0,5.0,5.0,18782.0,18347.0,0,Original PKDD99
75,Prerov,north Moravia,138032,8819.0,5.0,6.0,4063.0,4505.0,0,Original PKDD99
76,Sumperk,north Moravia,127369,8369.0,5.0,6.0,3736.0,2807.0,0,Original PKDD99
77,Vsetin,north Moravia,148545,8909.0,4.0,6.0,3460.0,3590.0,0,Original PKDD99
